,ROSC / Termination,Arrest
0,1027.437772,37.898248
