,ROSC / Termination,Arrest
0,5154.352788,413.939974
