,ROSC / Termination,Arrest
0,4999.959251,732.960035
