,CC-period-start,CC-period-stop
0,65.644818,143.311858
1,145.113792,190.046174
2,196.793587,207.029403
3,220.17031,243.03096
4,266.635814,306.911151
5,308.916453,356.056905
