,ROSC / Termination,Arrest
0,812.155096,109.950926
